{
  "areas": [
    {
      "areaIndex": 0,
      "areaTransform": {
        "translate": {
          "x": -2.02427077293396,
          "y": 0.0,
          "z": -66.64140319824219
        },
        "rotate": {
          "x": 0.0,
          "y": -3.156458616256714,
          "z": -0.0
        },
        "scale": {
          "x": 27.159032821655273,
          "y": 5.0,
          "z": 15.501102447509766
        }
      },
      "waves": [
        {
          "enemies": [
            {
              "type": "EnemySpawn",
              "name": "EnemySpawn.0-0",
              "disabled": false,
              "fileName": "enemy",
              "transform": {
                "rotate": {
                  "x": 0.0,
                  "y": 0.0,
                  "z": 0.0
                },
                "scale": {
                  "x": 1.0,
                  "y": 1.0,
                  "z": 1.0
                },
                "translate": {
                  "x": 9.766387939453125,
                  "y": 1.5390424728393555,
                  "z": -76.85273742675781
                }
              }
            },
            {
              "type": "EnemySpawn",
              "name": "EnemySpawn.0-1",
              "disabled": false,
              "fileName": "enemy",
              "transform": {
                "rotate": {
                  "x": 0.0,
                  "y": 0.0,
                  "z": 0.0
                },
                "scale": {
                  "x": 1.0,
                  "y": 1.0,
                  "z": 1.0
                },
                "translate": {
                  "x": -12.250850677490234,
                  "y": 1.086195945739746,
                  "z": -75.48976135253906
                }
              }
            }
          ]
        },
        {
          "enemies": [
            {
              "type": "EnemySpawn",
              "name": "EnemySpawn.0-0.001",
              "disabled": false,
              "fileName": "enemy",
              "transform": {
                "rotate": {
                  "x": 0.0,
                  "y": 0.0,
                  "z": 0.0
                },
                "scale": {
                  "x": 1.0,
                  "y": 1.0,
                  "z": 1.0
                },
                "translate": {
                  "x": -13.9939546585083,
                  "y": 1.4475144147872925,
                  "z": -63.40290451049805
                }
              }
            },
            {
              "type": "EnemySpawn",
              "name": "EnemySpawn.0-1.001",
              "disabled": false,
              "fileName": "enemy",
              "transform": {
                "rotate": {
                  "x": 0.0,
                  "y": 0.0,
                  "z": 0.0
                },
                "scale": {
                  "x": 1.0,
                  "y": 1.0,
                  "z": 1.0
                },
                "translate": {
                  "x": 11.330100059509277,
                  "y": 0.970020592212677,
                  "z": -63.08396911621094
                }
              }
            }
          ]
        }
      ]
    },
    {
      "areaIndex": 1,
      "areaTransform": {
        "translate": {
          "x": -1.0199296474456787,
          "y": 0.0,
          "z": 0.9144821166992188
        },
        "rotate": {
          "x": 0.0,
          "y": -3.156458616256714,
          "z": -0.0
        },
        "scale": {
          "x": 28.71297836303711,
          "y": 5.0,
          "z": 13.182113647460938
        }
      },
      "waves": [
        {
          "enemies": [
            {
              "type": "EnemySpawn",
              "name": "EnemySpawn.1-0",
              "disabled": false,
              "fileName": "enemy",
              "transform": {
                "rotate": {
                  "x": 0.0,
                  "y": 0.0,
                  "z": 0.0
                },
                "scale": {
                  "x": 1.0,
                  "y": 1.0,
                  "z": 1.0
                },
                "translate": {
                  "x": 9.823087692260742,
                  "y": 1.2040090560913086,
                  "z": 5.382105827331543
                }
              }
            },
            {
              "type": "EnemySpawn",
              "name": "EnemySpawn.1-1",
              "disabled": false,
              "fileName": "enemy",
              "transform": {
                "rotate": {
                  "x": 0.0,
                  "y": 0.0,
                  "z": 0.0
                },
                "scale": {
                  "x": 1.0,
                  "y": 1.0,
                  "z": 1.0
                },
                "translate": {
                  "x": -10.00373363494873,
                  "y": 1.3703312873840332,
                  "z": 6.413435459136963
                }
              }
            }
          ]
        },
        {
          "enemies": [
            {
              "type": "EnemySpawn",
              "name": "EnemySpawn.1-0.001",
              "disabled": false,
              "fileName": "knife",
              "transform": {
                "rotate": {
                  "x": 0.0,
                  "y": 0.0,
                  "z": 0.0
                },
                "scale": {
                  "x": 1.0,
                  "y": 1.0,
                  "z": 1.0
                },
                "translate": {
                  "x": -1.4942781925201416,
                  "y": 1.726853370666504,
                  "z": -9.995710372924805
                }
              }
            },
            {
              "type": "EnemySpawn",
              "name": "EnemySpawn.1-1.001",
              "disabled": false,
              "fileName": "enemy",
              "transform": {
                "rotate": {
                  "x": 0.0,
                  "y": 0.0,
                  "z": 0.0
                },
                "scale": {
                  "x": 1.0,
                  "y": 1.0,
                  "z": 1.0
                },
                "translate": {
                  "x": 14.59158706665039,
                  "y": 1.2803049087524414,
                  "z": -5.5346479415893555
                }
              }
            },
            {
              "type": "EnemySpawn",
              "name": "EnemySpawn.1-2",
              "disabled": false,
              "fileName": "enemy",
              "transform": {
                "rotate": {
                  "x": 0.0,
                  "y": 0.0,
                  "z": 0.0
                },
                "scale": {
                  "x": 1.0,
                  "y": 1.0,
                  "z": 1.0
                },
                "translate": {
                  "x": -17.867305755615234,
                  "y": 1.9402060508728027,
                  "z": -5.517709732055664
                }
              }
            }
          ]
        },
        {
          "enemies": [
            {
              "type": "EnemySpawn",
              "name": "EnemySpawn.1-0.002",
              "disabled": false,
              "fileName": "enemy",
              "transform": {
                "rotate": {
                  "x": 0.0,
                  "y": 0.0,
                  "z": 0.0
                },
                "scale": {
                  "x": 1.0,
                  "y": 1.0,
                  "z": 1.0
                },
                "translate": {
                  "x": -9.097757214249214e-09,
                  "y": 0.0,
                  "z": 9.76864242553711
                }
              }
            },
            {
              "type": "EnemySpawn",
              "name": "EnemySpawn.1-1.002",
              "disabled": false,
              "fileName": "knife",
              "transform": {
                "rotate": {
                  "x": 0.0,
                  "y": 0.0,
                  "z": 0.0
                },