{
  "0": {
    "x": 576,
    "y": 96,
    "w": 96,
    "h": 96,
    "u": 0.5625,
    "v": 0.09375,
    "uw": 0.09375,
    "vh": 0.09375
  },
  "1": {
    "x": 672,
    "y": 96,
    "w": 96,
    "h": 96,
    "u": 0.65625,
    "v": 0.09375,
    "uw": 0.09375,
    "vh": 0.09375
  },
  "2": {
    "x": 768,
    "y": 96,
    "w": 96,
    "h": 96,
    "u": 0.75,
    "v": 0.09375,
    "uw": 0.09375,
    "vh": 0.09375
  },
  "3": {
    "x": 864,
    "y": 96,
    "w": 96,
    "h": 96,
    "u": 0.84375,
    "v": 0.09375,
    "uw": 0.09375,
    "vh": 0.09375
  },
  "4": {
    "x": 0,
    "y": 192,
    "w": 96,
    "h": 96,
    "u": 0,
    "v": 0.1875,
    "uw": 0.09375,
    "vh": 0.09375
  },
  "5": {
    "x": 96,
    "y": 192,
    "w": 96,
    "h": 96,
    "u": 0.09375,
    "v": 0.1875,
    "uw": 0.09375,
    "vh": 0.09375
  },
  "6": {
    "x": 192,
    "y": 192,
    "w": 96,
    "h": 96,
    "u": 0.1875,
    "v": 0.1875,
    "uw": 0.09375,
    "vh": 0.09375
  },
  "7": {
    "x": 288,
    "y": 192,
    "w": 96,
    "h": 96,
    "u": 0.28125,
    "v": 0.1875,
    "uw": 0.09375,
    "vh": 0.09375
  },
  "8": {
    "x": 384,
    "y": 192,
    "w": 96,
    "h": 96,
    "u": 0.375,
    "v": 0.1875,
    "uw": 0.09375,
    "vh": 0.09375
  },
  "9": {
    "x": 480,
    "y": 192,
    "w": 96,
    "h": 96,
    "u": 0.46875,
    "v": 0.1875,
    "uw": 0.09375,
    "vh": 0.09375
  },
  " ": {
    "x": 0,
    "y": 0,
    "w": 96,
    "h": 96,
    "u": 0,
    "v": 0,
    "uw": 0.09375,
    "vh": 0.09375
  },
  "!": {
    "x": 96,
    "y": 0,
    "w": 96,
    "h": 96,
    "u": 0.09375,
    "v": 0,
    "uw": 0.09375,
    "vh": 0.09375
  },
  "\"": {
    "x": 192,
    "y": 0,
    "w": 96,
    "h": 96,
    "u": 0.1875,
    "v": 0,
    "uw": 0.09375,
    "vh": 0.09375
  },
  "#": {
    "x": 288,
    "y": 0,
    "w": 96,
    "h": 96,
    "u": 0.28125,
    "v": 0,
    "uw": 0.09375,
    "vh": 0.09375
  },
  "$": {
    "x": 384,
    "y": 0,
    "w": 96,
    "h": 96,
    "u": 0.375,
    "v": 0,
    "uw": 0.09375,
    "vh": 0.09375
  },
  "%": {
    "x": 480,
    "y": 0,
    "w": 96,
    "h": 96,
    "u": 0.46875,
    "v": 0,
    "uw": 0.09375,
    "vh": 0.09375
  },
  "&": {
    "x": 576,
    "y": 0,
    "w": 96,
    "h": 96,
    "u": 0.5625,
    "v": 0,
    "uw": 0.09375,
    "vh": 0.09375
  },
  "'": {
    "x": 672,
    "y": 0,
    "w": 96,
    "h": 96,
    "u": 0.65625,
    "v": 0,
    "uw": 0.09375,
    "vh": 0.09375
  },
  "(": {
    "x": 768,
    "y": 0,
    "w": 96,
    "h": 96,
    "u": 0.75,
    "v": 0,
    "uw": 0.09375,
    "vh": 0.09375
  },
  ")": {
    "x": 864,
    "y": 0,
    "w": 96,
    "h": 96,
    "u": 0.84375,
    "v": 0,
    "uw": 0.09375,
    "vh": 0.09375
  },
  "*": {
    "x": 0,
    "y": 96,
    "w": 96,
    "h": 96,
    "u": 0,
    "v": 0.09375,
    "uw": 0.09375,
    "vh": 0.09375
  },
  "+": {
    "x": 96,
    "y": 96,
    "w": 96,
    "h": 96,
    "u": 0.09375,
    "v": 0.09375,
    "uw": 0.09375,
    "vh": 0.09375
  },
  ",": {
    "x": 192,
    "y": 96,
    "w": 96,
    "h": 96,
    "u": 0.1875,
    "v": 0.09375,
    "uw": 0.09375,
    "vh": 0.09375
  },
  "-": {
    "x": 288,
    "y": 96,
    "w": 96,
    "h": 96,
    "u": 0.28125,
    "v": 0.09375,
    "uw": 0.09375,
    "vh": 0.09375
  },
  ".": {
    "x": 384,
    "y": 96,
    "w": 96,
    "h": 96,
    "u": 0.375,
    "v": 0.09375,
    "uw": 0.09375,
    "vh": 0.09375
  },
  "/": {
    "x": 480,
    "y": 96,
    "w": 96,
    "h": 96,
    "u": 0.46875,
    "v": 0.09375,
    "uw": 0.09375,
    "vh": 0.09375
  },
  ":": {
    "x": 576,
    "y": 192,
    "w": 96,
    "h": 96,
    "u": 0.5625,
    "v": 0.1875,
    "uw": 0.09375,
    "vh": 0.09375
  },
  "<": {
    "x": 672,
    "y": 192,
    "w": 96,
    "h": 96,
    "u": 0.65625,
    "v": 0.1875,
    "uw": 0.09375,
    "vh": 0.09375
  },
  "=": {
    "x": 768,
    "y": 192,
    "w": 96,
    "h": 96,
    "u": 0.75,
    "v": 0.1875,
    "uw": 0.09375,
    "vh": 0.09375
  },
  ">": {
    "x": 864,
    "y": 192,
    "w": 96,
    "h": 96,
    "u": 0.84375,
    "v": 0.1875,
    "uw": 0.09375,
    "vh": 0.09375
  },
  "?": {
    "x": 0,
    "y": 288,
    "w": 96,
    "h": 96,
    "u": 0,
    "v": 0.28125,
    "uw": 0.09375,
    "vh": 0.09375
  },
  "@": {
    "x": 96,
    "y": 288,
    "w": 96,
    "h": 96,
    "u": 0.09375,
    "v": 0.28125,
    "uw": 0.09375,
    "vh": 0.09375
  },
  "A": {
    "x": 192,
    "y": 288,
    "w": 96,
    "h": 96,
    "u": 0.1875,
    "v": 0.28125,
    "uw": 0.09375,
    "vh": 0.09375
  },
  "B": {
    "x": 288,
    "y": 288,
    "w": 96,
    "h": 96,
    "u": 0.28125,
    "v": 0.28125,
    "uw": 0.09375,
    "vh": 0.09375
  },
  "C": {
    "x": 384,
    "y": 288,
    "w": 96,
    "h": 96,
    "u": 0.375,
    "v": 0.28125,
    "uw": 0.09375,
    "vh": 0.09375
  },
  "D": {
    "x": 480,
    "y": 288,
    "w": 96,
    "h": 96,
    "u": 0.46875,
    "v": 0.28125,
    "uw": 0.09375,
    "vh": 0.09375
  },
  "E": {
    "x": 576,
    "y": 288,
    "w": 96,
    "h": 96,
    "u": 0.5625,
    "v": 0.28125,
    "uw": 0.09375,
    "vh": 0.09375
  },
  "F": {
    "x": 672,
    "y": 288,
    "w": 96,
    "h": 96,
    "u": 0.65625,
    "v": 0.28125,
    "uw": 0.09375,
    "vh": 0.09375
  },
  "G": {
    "x": 768,
    "y": 288,
    "w": 96,
    "h": 96,
    "u": 0.75,
    "v": 0.28125,
    "uw": 0.09375,
    "vh": 0.09375
  },
  "H": {
    "x": 864,
    "y": 288,
    "w": 96,
    "h": 96,
    "u": 0.84375,
    "v": 0.28125,
    "uw": 0.09375,
    "vh": 0.09375
  },
  "I": {
    "x": 0,
    "y": 384,
    "w": 96,
    "h": 96,
    "u": 0,
    "v": 0.375,
    "uw": 0.09375,
    "vh": 0.09375
  },
  "J": {
    "x": 96,
    "y": 384,
    "w": 96,
    "h": 96,
    "u": 0.09375,
    "v": 0.375,
    "uw": 0.09375,
    "vh": 0.09375
  },
  "K": {
    "x": 192,
    "y": 384,
    "w": 96,
    "h": 96,
    "u": 0.1875,
    "v": 0.375,
    "uw": 0.09375,
    "vh": 0.09375
  },
  "L": {
    "x": 288,
    "y": 384,
    "w": 96,
    "h": 96,
    "u": 0.28125,
    "v": 0.375,
    "uw": 0.09375,
    "vh": 0.09375
  },
  "M": {
    "x": 384,
    "y": 384,
    "w": 96,
    "h": 96,
    "u": 0.375,
    "v": 0.375,
    "uw": 0.09375,
    "vh": 0.09375
  },
  "N": {
    "x": 480,
    "y": 384,
    "w": 96,
    "h": 96,
    "u": 0.46875,
    "v": 0.375,
    "uw": 0.09375,
    "vh": 0.09375
  },
  "O": {
    "x": 576,
    "y": 384,
    "w": 96,
    "h": 96,
    "u": 0.5625,
    "v": 0.375,
    "uw": 0.09375,
    "vh": 0.09375
  },
  "P": {
    "x": 672,
    "y": 384,
    "w": 96,
    "h": 96,
    "u": 0.65625,
    "v": 0.375,
    "uw": 0.09375,
    "vh": 0.09375
  },
  "Q": {
    "x": 768,
    "y": 384,
    "w": 96,
    "h": 96,
    "u": 0.75,
    "v": 0.375,
    "uw": 0.09375,
    "vh": 0.09375
  },
  "R": {
    "x": 864,
    "y": 384,
    "w": 96,
    "h": 96,
    "u": 0.84375,
    "v": 0.375,
    "uw": 0.09375,
    "vh": 0.09375
  },
  "S": {
    "x": 0,
    "y": 480,
    "w": 96,
    "h": 96,
    "u": 0,
    "v": 0.46875,
    "uw": 0.09375,
    "vh": 0.09375
  },
  "T": {
    "x": 96,
    "y": 480,
    "w": 96,
    "h": 96,
    "u": 0.09375,
    "v": 0.46875,
    "uw": 0.09375,
    "vh": 0.09375
  },
  "U": {
    "x": 192,
    "y": 480,
    "w": 96,
    "h": 96,
    "u": 0.1875,
    "v": 0.46875,
    "uw": 0.09375,
    "vh": 0.09375
  },
  "V": {
    "x": 288,
    "y": 480,
    "w": 96,
    "h": 96,
    "u": 0.28125,
    "v": 0.46875,
    "uw": 0.09375,
    "vh": 0.09375
  },
  "W": {
    "x": 384,
    "y": 480,
    "w": 96,
    "h": 96,
    "u": 0.375,
    "v": 0.46875,
    "uw": 0.09375,
    "vh": 0.09375
  },
  "X": {
    "x": 480,
    "y": 480,
    "w": 96,
    "h": 96,
    "u": 0.46875,
    "v": 0.46875,
    "uw": 0.09375,
    "vh": 0.09375
  },
  "Y": {
    "x": 576,
    "y": 480,
    "w": 96,
    "h": 96,
    "u": 0.5625,
    "v": 0.46875,
    "uw": 0.09375,
    "vh": 0.09375
  },
  "Z": {
    "x": 672,
    "y": 480,
    "w": 96,
    "h": 96,
    "u": 0.65625,
    "v": 0.46875,
    "uw": 0.09375,
    "vh": 0.09375
  },
  "[": {
    "x": 768,