{
    "deltaTimeType": 0,
    "emitters": [
        {
            "duration": 0.0,
            "followEmitterIndex": -1,
            "followOffset": {
                "x": 0.0,
                "y": -1.0,
                "z": 0.0
            },
            "inactiveResponse": 0,
            "loopBehavior": 1,
            "loopCount": 1,
            "maxParticles": 1000,
            "minMoveDistance": 0.05000000074505806,
            "modules": [
                {
                    "rate": 60.0,
                    "type": "SpawnRate"
                },
                {
                    "max": 0.30000001192092896,
                    "min": 0.30000001192092896,
                    "type": "InitialLifetime"
                },
                {
                    "end": {
                        "a": 0.0,
                        "b": 1.0,
                        "g": 1.0,
                        "r": 1.0
                    },
                    "start": {
                        "a": 1.0,
                        "b": 0.6617647409439087,
                        "g": 0.6617647409439087,
                        "r": 0.6617647409439087
                    },
                    "type": "ColorFade",
                    "useInitialColor": false
                }
            ],
            "name": "e1",
            "position": {
                "x": -5.599999904632568,
                "y": 4.599999904632568,
                "z": 0.0
            },
            "renderer": {
                "alphaFade": true,
                "billboard": true,
                "blendMode": 2,
                "minSegmentDistance": 0.05000000074505806,
                "recordInterval": 0.01600000075995922,
                "texture": "resources/white1x1.png",
                "textureMode": 0,
                "tileScale": 1.0,
                "trailLifetime": 0.5,
                "trailWidth": 0.30000001192092896,
                "type": "Ribbon",
                "widthFade": true
            },
            "spawnOnlyWhenMoving": true,
            "startDelay": 0.0
        }
    ],
    "name": "player_trail",
    "position": {
        "x": -5.599999904632568,
        "y": 4.599999904632568,
        "z": 0.0
    }
}